column,model_year,vehicle_age_years,odometer_km,annual_mileage_km,engine_liters,horsepower,condition_score,service_history_score,prior_owners,accident_count,loan_approval_value_usd,sale_price_usd
model_year,1.0,-0.9979545066500444,-0.502931224145911,0.010248754199626514,-0.002885545050267097,-0.013343932472766504,0.7731896978177052,0.5859941987335595,-0.5371354187614811,-0.15905038982416494,0.7529749684264977,0.7546984895121606
vehicle_age_years,-0.9979545066500444,1.0,0.5051049667274745,-0.009485445192604424,0.0018373877924721007,0.011838794002267368,-0.7759629998227052,-0.5869035204874569,0.5375257981365708,0.1601512065658605,-0.7555648712971946,-0.7569510897890322
odometer_km,-0.502931224145911,0.5051049667274745,1.0,0.21351839841270784,0.050818819639091954,0.05487660154325251,-0.38844422378525545,-0.3277687576328553,0.259708662367956,0.054425572543096296,-0.3778963833512749,-0.38796790085563254
annual_mileage_km,0.010248754199626514,-0.009485445192604424,0.21351839841270784,1.0,0.005067905457587044,0.008527067161576956,0.019334922752914315,0.017188721414370247,-0.006264584079641269,-0.05890136686179278,-0.022919656316019114,-0.019997733972385297
engine_liters,-0.002885545050267097,0.0018373877924721007,0.050818819639091954,0.005067905457587044,1.0,0.8220558118283224,-0.002412138142500592,0.005681417966688071,0.005067425613651254,-0.023702470497671553,0.3283316985896012,0.32066548867554046
horsepower,-0.013343932472766504,0.011838794002267368,0.05487660154325251,0.008527067161576956,0.8220558118283224,1.0,-0.015154795745293015,0.0106189904994776,0.025227484928137905,-0.009587713844396939,0.46010522951858135,0.4567536989170764
condition_score,0.7731896978177052,-0.7759629998227052,-0.38844422378525545,0.019334922752914315,-0.002412138142500592,-0.015154795745293015,1.0,0.7300710050742963,-0.41362395284998893,-0.3647392053445605,0.6863536520631847,0.6899433919727038
service_history_score,0.5859941987335595,-0.5869035204874569,-0.3277687576328553,0.017188721414370247,0.005681417966688071,0.0106189904994776,0.7300710050742963,1.0,-0.3241598551362418,-0.25740316417317827,0.5619294138518424,0.5645392370832295
prior_owners,-0.5371354187614811,0.5375257981365708,0.259708662367956,-0.006264584079641269,0.005067425613651254,0.025227484928137905,-0.41362395284998893,-0.3241598551362418,1.0,0.10665014009799109,-0.4746366368180637,-0.4765288927968938
accident_count,-0.15905038982416494,0.1601512065658605,0.054425572543096296,-0.05890136686179278,-0.023702470497671553,-0.009587713844396939,-0.3647392053445605,-0.25740316417317827,0.10665014009799109,1.0,-0.27044092771512196,-0.2724883323725822
loan_approval_value_usd,0.7529749684264977,-0.7555648712971946,-0.3778963833512749,-0.022919656316019114,0.3283316985896012,0.46010522951858135,0.6863536520631847,0.5619294138518424,-0.4746366368180637,-0.27044092771512196,1.0,0.9991054187660944
sale_price_usd,0.7546984895121606,-0.7569510897890322,-0.38796790085563254,-0.019997733972385297,0.32066548867554046,0.4567536989170764,0.6899433919727038,0.5645392370832295,-0.4765288927968938,-0.2724883323725822,0.9991054187660944,1.0
