column,dtype,missing,unique_observed
listing_id,object,0,1800
model_year,int64,0,23
vehicle_age_years,float64,0,1669
odometer_km,float64,0,1794
annual_mileage_km,float64,0,1799
engine_liters,float64,141,1134
horsepower,float64,0,1796
condition_score,float64,174,1350
service_history_score,float64,264,1276
prior_owners,int64,0,10
accident_count,int64,0,4
brand,object,0,9
body_style,object,0,5
fuel_type,object,41,4
transmission,object,69,3
region,object,0,4
seller_type,object,0,3
loan_approval_value_usd,float64,216,1584
sale_price_usd,float64,0,1739
