iteration,objective,max_abs_gradient
0,150206343.5271403,18843.352344109568
100,13768481.032714145,134.1440536293308
200,13653785.519868309,72.73756636269077
300,13617052.800009647,40.152636150428116
400,13604902.718204863,22.172697566652715
500,13600614.362092746,12.240212459498256
600,13598885.916639918,9.097697298712422
700,13598014.04200591,8.164850675191017
800,13597442.264101502,7.50890003401835
900,13596984.898339953,7.035651562232243
1000,13596578.281713495,6.683078798365073
1100,13596199.769100778,6.410405760983947
1200,13595840.84833268,6.190861658243658
1300,13595498.015287573,6.006887324311058
1400,13595169.598091586,5.8469722637455925
1500,13594854.621639663,5.703572283267583
1600,13594552.39019925,5.571741077820814
1700,13594262.329647701,5.44823237056232
1800,13593983.92612605,5.330911553877115
1900,13593716.701412903,5.21837055615173
2000,13593460.202608936,5.109675963364223
2100,13593213.997516062,5.004204412390292
2200,13592977.6723283,4.901535084481077
2300,13592750.830282336,4.801379527137309
2400,13592533.090719173,4.703535862010502
2500,13592324.088331463,4.607858914504865
2600,13592123.472502902,4.514240733430924
2700,13591930.906699887,4.422597888433217
2800,13591746.06789854,4.3328631868679715
2900,13591568.646039264,4.244980272016909
3000,13591398.343505112,4.158900098887366
3100,13591234.8746219,4.074578633832967
3200,13591077.965178762,3.99197535129938
3300,13590927.35196803,3.911052250024112
3400,13590782.78234369,3.8317732075722817
3500,13590644.013797542,3.754103555345786
3600,13590510.813552415,3.6780097972012284
3700,13590382.958171671,3.6034594217301192
3800,13590260.233184421,3.5304207755214465
3900,13590142.43272575,3.4588629762929366
4000,13590029.359191386,3.3887558520378196
4100,13589920.822906232,3.3200698971800597
4200,13589816.64180619,3.252776239906981
4300,13589716.641132781,3.18684661684666
4400,13589620.653139954,3.1222533526283955
4500,13589528.516812747,3.0589693426633326
4600,13589440.077597158,2.9969680381566635
4700,13589355.187140906,2.936223432581962
4800,13589273.703044575,2.8767100492634983
4900,13589195.488622738,2.818402929650911
5000,13589120.412674693,2.761277622230999
5100,13589048.34926435,2.7053101718469503
5200,13588979.177509015,2.650477109355482
5300,13588912.781376584,2.5967554416288476
5400,13588849.049490934,2.544122641770454
5500,13588787.874945061,2.4925566396238863
5600,13588729.155121785,2.4420358124477732
5700,13588672.791521592,2.392538975818138
5800,13588618.689597413,2.3440453747362
5900,13588566.758596022,2.2965346749014186
6000,13588516.91140581,2.249986954164151
6100,13588469.064410657,2.2043826942159486
6200,13588423.13734966,2.159702772313594
6300,13588379.05318251,2.1159284533568554
6400,13588336.73796027,2.0730413819632587
6500,13588296.120701302,2.0310235747907486
6600,13588257.133272225,1.9898574130062183
6700,13588219.710273607,1.9495256348815468
6800,13588183.788930286,1.9100113285570322
6900,13588149.30898602,1.8712979249720496
7000,13588116.21260247,1.833369190871865
7100,13588084.444262138,1.7962092220505086
7200,13588053.950675245,1.7598024366549607
7300,13588024.680690354,1.724133568652371
7400,13587996.585208556,1.6891876614274404
7500,13587969.617101109,1.6549500615316517
7600,13587943.731130384,1.6214064124932888
7700,13587918.883873992,1.5885426488699999
7800,13587895.033651916,1.5563449902672997
7900,13587872.140456628,1.5247999356248552
8000,13587850.165885959,1.4938942575193925
8100,13587829.073078677,1.4636149966296554
8200,13587808.826652685,1.4339494563232549
8300,13587789.392645627,1.4048851972816503
8400,13587770.738457944,1.3764100323268518
8500,13587752.832798189,1.3485120213114847
8600,13587735.64563053,1.321179466086683
8700,13587719.148124363,1.2944009056058976
8800,13587703.312605968,1.2681651111281558
8900,13587688.112512069,1.2424610815133839
9000,13587673.522345277,1.2172780385733248
9100,13587659.517631337,1.1926054226161975
9200,13587646.074878044,1.1684328879521728
9300,13587633.171535878,1.144750298599687
9400,13587620.785960125,1.1215477240142346
9500,13587608.897374617,1.0988154349268737
9600,13587597.485836864,1.076543899270526
9700,13587586.532204585,1.054723778190351
9800,13587576.018103626,1.0333459221090073
9900,13587565.92589711,1.012401366894022
10000,13587556.23865588,0.991881330116257
10100,13587546.940130085,0.9717772073448517
10200,13587538.014721915,0.9520805685513036
10300,13587529.44745945,0.9327831545826089
10400,13587521.223971551,0.9138768736670041
10500,13587513.330463732,0.8953537980686547
10600,13587505.753695033,0.8772061607093256
10700,13587498.480955819,0.8594263519643238
10800,13587491.50004643,0.8420069164216504
10900,13587484.799256755,0.8249405498007426
11000,13587478.367346551,0.8082200958597584
11100,13587472.193526622,0.7918385434186731
11200,13587466.267440697,0.7757890233707903
11300,13587460.579148078,0.760064805868154
11400,13587455.119106926,0.7446592974588729
11500,13587449.878158314,0.7295660383327476
11600,13587444.847510818,0.714778699602367
11700,13587440.01872577,0.7002910806778474
11800,13587435.38370314,0.6860971066259991
11900,13587430.934667915,0.6721908256557615
12000,13587426.66415706,0.6585664066097997
12100,13587422.565007009,0.6452181365204134
12200,13587418.630341643,0.6321404182115274
12300,13587414.853560776,0.6193277679612536
12400,13587411.228329036,0.6067748131813366
12500,13587407.748565288,0.5944762901898193
12600,13587404.408432405,0.5824270420004921
12700,13587401.202327484,0.5706220161363559
12800,13587398.124872444,0.5590562625361757
12900,13587395.170905015,0.5477249314594886
13000,13587392.335470065,0.5366232714773485
13100,13587389.6138113,0.5257466274650762
13200,13587387.001363266,0.515090438644279
13300,13587384.493743725,0.5046502366704575
13400,13587382.086746268,0.4944216437879918
13500,13587379.776333284,0.48440037095423516
13600,13587377.55862916,0.4745822160672938
13700,13587375.429913826,0.46496306219558425
13800,13587373.386616461,0.45553887584915354
13900,13587371.425309544,0.4463057053036398
14000,13587369.542703077,0.43725967890044026
14100,13587367.735639086,0.42839700350495524
14200,13587366.001086313,0.41971396280636486
14300,13587364.336135136,0.41120691586636837
14400,13587362.737992676,0.40287229550938497
14500,13587361.20397814,0.3947066068852635
14600,13587359.731518291,0.3867064259788936
14700,13587358.31814316,0.37886839816129114
14800,13587356.961481873,0.37118923679302984
14900,13587355.659258705,0.3636657218618172
15000,13587354.409289235,0.3562946986396147
15100,13587353.209476711,0.34907307631199724
15200,13587352.057808517,0.3419978267106828
15300,13587350.952352764,0.3350659830655338
15400,13587349.891255131,0.32827463872144214
15500,13587348.872735666,0.3216209459473848
15600,13587347.89508586,0.31510211472486716
15700,13587346.956665754,0.3087154115884754
15800,13587346.055901194,0.3024581584857787
15900,13587345.191281198,0.29632773162381376
16000,13587344.361355403,0.2903215604003542
16100,13587343.56473166,0.2844371263326305
16200,13587342.80007366,0.2786719619543797
16300,13587342.066098744,0.2730236498376216
16400,13587341.361575697,0.2674898215354362
16500,13587340.685322719,0.26206815661304783
16600,13587340.036205428,0.2567563816762549
16700,13587339.41313497,0.2515522693826362
16800,13587338.815066166,0.2464536375701183
16900,13587338.240995795,0.24145834828095647
17000,13587337.689960878,0.23656430689213137
17100,13587337.161037078,0.2317694612539074
17200,13587336.653337168,0.22707180080015588
17300,13587336.166009488,0.22246935570682325
17400,13587335.698236583,0.21796019609125283
17500,13587335.249233782,0.2135424311650278
17600,13587334.818247912,0.20921420850767403
17700,13587334.404556008,0.20497371319562385
17800,13587334.007464128,0.20081916710657233
17900,13587333.62630617,0.19674882817729422
18000,13587333.26044276,0.19276098963673538
18100,13587332.90926018,0.18885397931258063
18200,13587332.572169343,0.18502615891670804
18300,13587332.248604793,0.18127592337863108
18400,13587331.938023767,0.17760170015051113
18500,13587331.639905276,0.17400194857468865
18600,13587331.353749257,0.17047515920093081
18700,13587331.079075683,0.1670198531770798
18800,13587330.815423807,0.16363458164396916
18900,13587330.56235137,0.16031792508365228
19000,13587330.319433847,0.15706849276282786
19100,13587330.086263768,0.1538849221441052
19200,13587329.862449998,0.15076587829057964
19300,13587329.647617098,0.14771005332917353
19400,13587329.441404698,0.14471616589998493
19500,13587329.243466888,0.141782960606175
19600,13587329.05347163,0.13890920750440539
19700,13587328.871100228,0.1360937015812489
19800,13587328.696046764,0.13333526223738257
19900,13587328.52801758,0.13063273281230003
20000,13587328.366730826,0.1279849800840478
20100,13587328.211915957,0.12539089380218538
20200,13587328.06331327,0.12284938621757546
20300,13587327.920673493,0.12035939162718767
20400,13587327.783757353,0.11791986594118042
20500,13587327.652335187,0.11552978620677068
20600,13587327.526186537,0.11318815023440432
20700,13587327.405099798,0.11089397612248009
20800,13587327.288871847,0.10864630188799618
20900,13587327.177307723,0.10644418503939479
21000,13587327.070220275,0.10428670218254898
21100,13587326.967429884,0.10217294864896631
21200,13587326.86876411,0.100102038106192
21300,13587326.774057453,0.09807310218312904
21400,13587326.683151046,0.09608529009937461
21500,13587326.595892396,0.09413776834584331
21600,13587326.512135135,0.09222972028570764
21700,13587326.431738762,0.09036034583208474
21800,13587326.35456842,0.08852886112242297
21900,13587326.280494655,0.08673449818958212
22000,13587326.209393209,0.0849765046296006
22100,13587326.141144823,0.08325414325886915
22200,13587326.075635005,0.08156669187711518
22300,13587326.012753874,0.07991344291064761
22400,13587325.952395938,0.07829370311045836
22500,13587325.894459965,0.0767067932979223
22600,13587325.838848755,0.07515204804166042
22700,13587325.785469035,0.07362881542199262
22800,13587325.734231252,0.07213645670108382
22900,13587325.685049472,0.07067434612796397
23000,13587325.637841178,0.0692418706019321
23100,13587325.592527196,0.06783842945991125
23200,13587325.549031505,0.06646343421312917
23300,13587325.507281147,0.06511630830223125
23400,13587325.467206081,0.0637964868490074
23500,13587325.428739093,0.06250341643381851
23600,13587325.391815651,0.06123655484415824
23700,13587325.356373813,0.05999537086709672
23800,13587325.322354142,0.05877934404193075
23900,13587325.289699562,0.057587964478545084
24000,13587325.258355293,0.05642073259958191
24100,13587325.22826876,0.05527715896650309
24200,13587325.199389502,0.0541567640622026
24300,13587325.171669062,0.053059078077459465
24400,13587325.145060947,0.051983640737603976
24500,13587325.119520528,0.050930001089367405
24600,13587325.095004957,0.04989771732066084
24700,13587325.07147311,0.04888635658418128
24800,13587325.048885511,0.047895494788456006
24900,13587325.02720428,0.046924716450915005
25000,13587325.006393038,0.04597361450384496
25100,13587324.986416878,0.04504179014417442
25200,13587324.967242295,0.04412885262157196
25300,13587324.948837122,0.04323441914677928
25400,13587324.931170484,0.04235811465093464
25500,13587324.914212745,0.04149957167967022
25600,13587324.89793546,0.04065843025097815
25700,13587324.882311333,0.03983433764775246
25800,13587324.86731414,0.039026948297785746
25900,13587324.852918738,0.03823592366846651
26000,13587324.839100974,0.03746093207067491
26100,13587324.825837662,0.036701648513741914
26200,13587324.813106569,0.03595775464422668
26300,13587324.800886326,0.035228938513841346
26400,13587324.78915644,0.0345148945184921
26500,13587324.777897233,0.033815323253779006
26600,13587324.767089818,0.033129931370620036
26700,13587324.75671607,0.032458431478292304
26800,13587324.746758586,0.03180054199666804
26900,13587324.73720066,0.031155987066772584
27000,13587324.72802626,0.030524496421444725
27100,13587324.719219996,0.02990580524519537
27200,13587324.710767094,0.02929965412149138
27300,13587324.702653378,0.028705788885560968
27400,13587324.694865244,0.02812396050277366
27500,13587324.687389616,0.027553925019884185
27600,13587324.680213962,0.0269954433999664
27700,13587324.673326235,0.026448281462943757
27800,13587324.6667149,0.025912209778936823
27900,13587324.660368841,0.02538700355805734
28000,13587324.654277438,0.024872442573049658
28100,13587324.648430461,0.024368311056550684
28200,13587324.642818103,0.023874397616638787
28300,13587324.637430945,0.02339049515246805
28400,13587324.632259956,0.022916400748163257
28500,13587324.627296465,0.022451915614092655
28600,13587324.622532139,0.02199684497366161
28700,13587324.617958987,0.021550998026580226
28800,13587324.61356934,0.021114187792157457
28900,13587324.609355837,0.020686231123667853
29000,13587324.60531141,0.02026694858453948
29100,13587324.601429263,0.019856164339186022
29200,13587324.597702898,0.01945370614940012
29300,13587324.59412606,0.019059405254412187
29400,13587324.590692747,0.01867309631650438
29500,13587324.587397203,0.01829461734849991
29600,13587324.584233895,0.017923809648600852
29700,13587324.58119752,0.01756051773165579
29800,13587324.57828299,0.01720458926776791
29900,13587324.5754854,0.01685587499549901
30000,13587324.572800074,0.0165142287006248
30100,13587324.570222499,0.016179507122192405
30200,13587324.567748353,0.015851569913203023
30300,13587324.565373486,0.015530279554068827
30400,13587324.56309392,0.015215501324325253
30500,13587324.560905812,0.01490710323439226
30600,13587324.558805516,0.01460495596830147
30700,13587324.556789495,0.01430893282647483
30800,13587324.55485437,0.014018909683117031
30900,13587324.552996896,0.013734764925460996
31000,13587324.551213948,0.013456379400348828
31100,13587324.549502553,0.013183636389961895
31200,13587324.547859829,0.012916421518482935
31300,13587324.54628302,0.012654622735197796
31400,13587324.544769479,0.0123981302685513
31500,13587324.54331668,0.01214683656568516
31600,13587324.541922167,0.011900636253859731
31700,13587324.540583618,0.011659426091000347
31800,13587324.539298777,0.011423104945392337
31900,13587324.538065495,0.011191573717215353
32000,13587324.536881696,0.010964735321958408
32100,13587324.535745403,0.010742494637502875
32200,13587324.534654703,0.010524758476706086
32300,13587324.533607773,0.010311435538201463
32400,13587324.532602848,0.010102436379060165
32500,13587324.531638246,0.009897673358391867
32600,13587324.530712353,0.009697060606447594
32700,13587324.529823614,0.009500514011939742
32800,13587324.528970538,0.009307951158484484
32900,13587324.52815169,0.00911929129743927
33000,13587324.5273657,0.008934455320788404
33100,13587324.52661125,0.008753365726778206
33200,13587324.52588707,0.008575946585590466
33300,13587324.525191952,0.008402123486852653
33400,13587324.524524728,0.008231823556306472
33500,13587324.523884274,0.008064975381556483
33600,13587324.523269521,0.00790150899241282
33700,13587324.522679437,0.0077413558594651155
33800,13587324.522113029,0.0075844488126387555
33900,13587324.52156935,0.007430722065285167
34000,13587324.521047488,0.007280111161906633
34100,13587324.520546565,0.0071325529295361845
34200,13587324.520065743,0.006987985512830974
34300,13587324.519604214,0.006846348292765425
34400,13587324.519161204,0.006707581867198775
34500,13587324.518735977,0.006571628053301692
34600,13587324.518327802,0.006438429842704041
34700,13587324.517936012,0.00630793138577701
34800,13587324.51755994,0.006180077957748997
34900,13587324.517198961,0.0060548159539438595
35000,13587324.516852466,0.005932092845030823
35100,13587324.516519874,0.005811857165031853
35200,13587324.516200632,0.0056940585029935376
35300,13587324.515894195,0.005578647465575126
35400,13587324.51560006,0.00546557566512107
35500,13587324.51531772,0.005354795675015289
35600,13587324.515046714,0.005246261050538603
35700,13587324.514786584,0.005139926273345141
35800,13587324.514536887,0.005035746765088112
35900,13587324.51429721,0.004933678839205036
36000,13587324.514067156,0.004833679692753057
36100,13587324.51384633,0.004735707398254907
36200,13587324.513634363,0.004639720873733988
36300,13587324.5134309,0.0045456798636874796
36400,13587324.513235608,0.004453544952810806
36500,13587324.513048152,0.004363277481514882
36600,13587324.512868213,0.004274839617901427
36700,13587324.512695495,0.0041881942733065225
36800,13587324.51252971,0.0041033051160973555
36900,13587324.512370577,0.004020136545461184
37000,13587324.512217827,0.0039386536943148975
37100,13587324.512071209,0.003858822395846895
37200,13587324.511930473,0.0037806091646301887
37300,13587324.511795383,0.003703981221402586
37400,13587324.511665715,0.0036289064196333154
37500,13587324.511541251,0.0035553532885217454
37600,13587324.511421783,0.0034832909777833265
37700,13587324.511307104,0.003412689275207881
37800,13587324.51119703,0.0033435185769378206
37900,13587324.511091372,0.0032757498759428127
38000,13587324.510989955,0.0032093547577958237
38100,13587324.510892605,0.0031443053818963618
38200,13587324.510799164,0.0030805744699865523
38300,13587324.510709472,0.0030181352983166265
38400,13587324.510623377,0.0029569616934611576
38500,13587324.510540737,0.002897027980850675
38600,13587324.510461416,0.002838309060642308
38700,13587324.510385273,0.0027807802871544496
38800,13587324.510312188,0.0027244175483946975
38900,13587324.510242036,0.002669197214637653
39000,13587324.510174695,0.0026150961124729033
39100,13587324.51011006,0.0025620915679857026
39200,13587324.510048022,0.0025101613662781297
39300,13587324.50998847,0.002459283714631222
39400,13587324.509931307,0.002409437285715188
39500,13587324.509876437,0.0023606011807721927
39600,13587324.509823767,0.0023127549110005807
39700,13587324.509773219,0.0022658784262369336
39800,13587324.50972469,0.002219952074529963
39900,13587324.509678114,0.0021749565762683165
40000,13587324.509633403,0.00213087308563642
40100,13587324.509590488,0.0020876831101888094
40200,13587324.509549296,0.002045368532302194
40300,13587324.509509757,0.002003911612439291
40400,13587324.509471802,0.001963294977874397
40500,13587324.509435374,0.0019235015823192425
40600,13587324.509400405,0.0018845147528663286
40700,13587324.509366838,0.0018463181314407606
40800,13587324.509334616,0.0018088957072082135
40900,13587324.509303693,0.0017722317798640752
41000,13587324.509274008,0.0017363109847817748
41100,13587324.509245519,0.0017011182599518948
41200,13587324.509218166,0.0016666388420391032
41300,13587324.509191914,0.001632858276993776
41400,13587324.509166712,0.0015997623942877182
41500,13587324.509142524,0.0015673373284521563
41600,13587324.509119308,0.0015355694715034618
41700,13587324.50909702,0.001504445512678032
41800,13587324.509075627,0.001473952398144629
41900,13587324.509055093,0.0014440773270970597
42000,13587324.509035382,0.001414807787875505
42100,13587324.509016465,0.001386131506773025
42200,13587324.508998306,0.001358036451425293
42300,13587324.508980878,0.001330510845117483
42400,13587324.508964144,0.001303543155627196
42500,13587324.508948086,0.0012771220622465052
42600,13587324.508932669,0.0012512364882919513
42700,13587324.508917876,0.0012258755790504061
42800,13587324.50890367,0.0012010286979186047
42900,13587324.508890035,0.0011766854370987012
43000,13587324.508876951,0.0011528355810068724
43100,13587324.508864388,0.0011294691206131802
43200,13587324.508852333,0.0011065762787065836
43300,13587324.50884076,0.0010841474478449076
43400,13587324.508829651,0.0010621732083492263
43500,13587324.508818986,0.0010406443681314492
43600,13587324.508808753,0.0010195518788284064
43700,13587324.508798925,0.0009988869083799035
43800,13587324.508789495,0.000978640797188346
43900,13587324.508780444,0.0009588050361160061
44000,13587324.508771759,0.0009393713245183788
44100,13587324.508763414,0.0009203315155047465
44200,13587324.508755406,0.0009016776121295589
44300,13587324.508747727,0.000883401796338612
44400,13587324.508740349,0.0008654964142522648
44500,13587324.508733269,0.0008479539432695304
44600,13587324.508726474,0.0008307670392064814
44700,13587324.508719947,0.0008139284888515341
44800,13587324.50871369,0.0007974312389243954
44900,13587324.50870768,0.0007812683595458392
45000,13587324.50870191,0.0007654330841214696
45100,13587324.508696372,0.0007499187655420902
45200,13587324.508691058,0.0007347189015149969
45300,13587324.508685956,0.0007198271235172582
45400,13587324.508681059,0.0007052371784731504
45500,13587324.50867636,0.0006909429577327542
45600,13587324.508671844,0.0006769384569282888
45700,13587324.508667516,0.0006632178085906881
45800,13587324.508663358,0.0006497752602059315
45900,13587324.508659365,0.0006366051704558284
46000,13587324.508655539,0.0006237020309306507
46100,13587324.508651862,0.0006110604150860732
46200,13587324.508648328,0.0005986750290623011
46300,13587324.508644944,0.0005865406788349015
46400,13587324.50864169,0.0005746522737460902
46500,13587324.50863857,0.0005630048336773275
46600,13587324.508635575,0.0005515934707543968
46700,13587324.508632697,0.0005404133965264402
46800,13587324.508629937,0.0005294599327798633
46900,13587324.508627286,0.0005187284823419125
47000,13587324.508624747,0.0005082145398960236
47100,13587324.508622305,0.0004979137028048308
47200,13587324.508619962,0.0004878216564715432
47300,13587324.508617712,0.000477934148779946
47400,13587324.508615553,0.00046824705913472986
47500,13587324.508613482,0.0004587563074235357
47600,13587324.508611493,0.0004494579266941523
47700,13587324.508609582,0.00044034800850456524
47800,13587324.508607749,0.0004314227355823874
47900,13587324.508605994,0.00042267836719689367
48000,13587324.508604303,0.00041411123544565775
48100,13587324.508602683,0.00040571775245112907
48200,13587324.508601127,0.0003974943921007945
48300,13587324.508599633,0.0003894377045261521
48400,13587324.5085982,0.00038154431603121264
48500,13587324.508596823,0.00037381091810928524
48600,13587324.508595502,0.00036623426737658615
48700,13587324.508594235,0.00035881117459157785
48800,13587324.508593017,0.0003515385482448785
48900,13587324.508591847,0.00034441332537327174
49000,13587324.508590728,0.00033743252970741544
49100,13587324.508589655,0.0003305932170393211
49200,13587324.508588621,0.0003238925297304185
49300,13587324.508587629,0.0003173276566384997
49400,13587324.508586675,0.0003108958476099044
49500,13587324.50858576,0.0003045943952351138
49600,13587324.508584889,0.00029842066389296207
49700,13587324.508584045,0.00029237208242682833
49800,13587324.508583238,0.00028644608224071
49900,13587324.50858246,0.00028064019911411275
50000,13587324.508581718,0.0002749519931141142
50100,13587324.508581001,0.00026937908128632504
50200,13587324.508580318,0.00026391912305545606
50300,13587324.50857966,0.00025856983473104833
50400,13587324.508579023,0.00025332896399099525
50500,13587324.508578418,0.0002481943225798311
50600,13587324.508577839,0.00024316374988408995
50700,13587324.508577282,0.00023823514199095008
50800,13587324.508576743,0.00023340643345415302
50900,13587324.508576227,0.0002286755936165008
51000,13587324.508575734,0.00022404063748138192
51100,13587324.508575259,0.00021949962930867262
51200,13587324.508574808,0.00021505066438676224
51300,13587324.508574368,0.0002106918726295648
51400,13587324.50857395,0.00020642142581706047
51500,13587324.508573545,0.00020223753755599372
51600,13587324.508573158,0.00019813845232874439
51700,13587324.508572785,0.00019412244182048788
51800,13587324.50857243,0.00019018783762581037
51900,13587324.508572087,0.00018633298392023434
52000,13587324.508571763,0.0001825562592553398
52100,13587324.508571446,0.00017885608743684056
52200,13587324.508571142,0.00017523091202886754
52300,13587324.508570854,0.00017167921087268834
52400,13587324.508570574,0.0001681994996959313
52500,13587324.508570308,0.00016479032116467618
52600,13587324.50857005,0.00016145024121760887
52700,13587324.508569803,0.0001581778563131131
52800,13587324.508569567,0.00015497179703682917
52900,13587324.508569341,0.00015183072443702983
53000,13587324.508569123,0.00014875331908270617
53100,13587324.508568913,0.00014573828467467909
53200,13587324.508568712,0.0001427843589333344
53300,13587324.508568522,0.00013989030993344365
53400,13587324.508568335,0.00013705492152837895
53500,13587324.50856816,0.00013427699696344497
53600,13587324.508567985,0.0001315553843156403
53700,13587324.508567823,0.0001288889255390835
53800,13587324.508567667,0.00012627652192598315
53900,13587324.508567516,0.000123717061323525
54000,13587324.508567372,0.00012120947995553077
54100,13587324.508567233,0.0001187527260233523
54200,13587324.508567102,0.00011634576332197888
54300,13587324.508566974,0.00011398759304537265
54400,13587324.508566845,0.00011167721010962861
54500,13587324.508566732,0.00010941366134098462
54600,13587324.50856662,0.00010719599088981902
54700,13587324.508566508,0.00010502326930872385
54800,13587324.508566404,0.00010289458990075939
54900,13587324.508566305,0.00010080904687037595
55000,13587324.508566208,9.876578623579935e-05
55100,13587324.508566115,9.676392941815326e-05
55200,13587324.508566028,9.48026568915461e-05
55300,13587324.508565942,9.288113177130519e-05
55400,13587324.50856586,9.09985543697811e-05
55500,13587324.508565785,8.915413306875841e-05
55600,13587324.508565707,8.734709522451034e-05
55700,13587324.508565634,8.557668714648248e-05
55800,13587324.508565564,8.384215953438634e-05
55900,13587324.508565499,8.214279292606541e-05
56000,13587324.508565437,8.04778613009427e-05
56100,13587324.508565377,7.884668300350839e-05
56200,13587324.508565316,7.724856251434264e-05
56300,13587324.508565258,7.568284137227099e-05
56400,13587324.508565208,7.414885086631795e-05
56500,13587324.508565154,7.264595203682056e-05
56600,13587324.508565102,7.117351384000603e-05
56700,13587324.508565059,6.973092040551965e-05
56800,13587324.50856501,6.831756374992004e-05
56900,13587324.508564968,6.693286195613712e-05
57000,13587324.508564927,6.557621914105027e-05
57100,13587324.508564882,6.424707637575633e-05
57200,13587324.508564845,6.294487165758866e-05
57300,13587324.508564806,6.16690617234461e-05
57400,13587324.50856477,6.041911476817319e-05
57500,13587324.508564737,5.919449951252709e-05
57600,13587324.508564705,5.7994703388075663e-05
57700,13587324.508564672,5.6819228884896766e-05
57800,13587324.50856464,5.566757535635514e-05
57900,13587324.508564614,5.4539271744369344e-05
58000,13587324.508564582,5.34338329186701e-05
58100,13587324.508564558,5.235079968257672e-05
58200,13587324.508564532,5.128971329881882e-05
58300,13587324.508564506,5.025014458237553e-05
58400,13587324.508564482,4.923163568637534e-05
58500,13587324.50856446,4.823377648799365e-05
58600,13587324.508564437,4.725614273570766e-05
58700,13587324.508564416,4.629832878177975e-05
58800,13587324.508564398,4.535991483278767e-05
58900,13587324.508564375,4.4440532424139256e-05
59000,13587324.508564362,4.353978074023157e-05
59100,13587324.50856434,4.265728481200881e-05
59200,13587324.508564321,4.1792688233344144e-05
59300,13587324.508564305,4.0945598585806486e-05
59400,13587324.50856429,4.0115685655761624e-05
59500,13587324.508564271,3.930259047713047e-05
59600,13587324.508564262,3.8505979892300424e-05
59700,13587324.508564245,3.77255174458524e-05
59800,13587324.508564234,3.6960867011437415e-05
59900,13587324.508564219,3.621172189116617e-05
60000,13587324.508564206,3.54777538768003e-05
60100,13587324.508564198,3.475867508873076e-05
60200,13587324.508564183,3.4054157933671725e-05
60300,13587324.508564174,3.336392604924576e-05
60400,13587324.508564163,3.268768517494802e-05
60500,13587324.508564152,3.2025152251202726e-05
60600,13587324.508564144,3.13760408607866e-05
60700,13587324.508564133,3.0740090327996406e-05
60800,13587324.508564124,3.0117029332532574e-05
60900,13587324.508564116,2.9506597731043804e-05
61000,13587324.508564105,2.8908532001326037e-05
61100,13587324.508564102,2.8322597979357766e-05
61200,13587324.508564092,2.7748539920824378e-05
61300,13587324.508564085,2.718611323704323e-05
61400,13587324.50856408,2.6635084494519567e-05
61500,13587324.508564072,2.6095224128774852e-05
61600,13587324.508564064,2.5566310081659438e-05
61700,13587324.508564057,2.5048113241776804e-05
61800,13587324.508564051,2.454042654598254e-05
61900,13587324.50856405,2.40430213183096e-05
62000,13587324.508564044,2.3555701835542564e-05
62100,13587324.508564036,2.3078258027386944e-05
62200,13587324.508564029,2.261049458063269e-05
62300,13587324.508564029,2.215220182533173e-05
62400,13587324.508564023,2.170320666772252e-05
62500,13587324.508564016,2.126331437535267e-05
62600,13587324.508564014,2.0832337677800794e-05
62700,13587324.50856401,2.041009312614417e-05
62800,13587324.508564001,1.9996401087851723e-05
62900,13587324.508564,1.9591107572436428e-05
63000,13587324.508563995,1.9194022379820375e-05
63100,13587324.508563993,1.8804980945197336e-05
63200,13587324.50856399,1.842382978134438e-05
63300,13587324.508563988,1.8050404648528584e-05
63400,13587324.508563984,1.7684545105756122e-05
63500,13587324.508563984,1.7326109054138783e-05
63600,13587324.508563977,1.697492908203646e-05
63700,13587324.508563973,1.663086703029837e-05
63800,13587324.508563973,1.6293777609255322e-05
63900,13587324.50856397,1.596352658650435e-05
64000,13587324.508563967,1.5639965316727178e-05
64100,13587324.508563966,1.5322967121034203e-05
64200,13587324.508563964,1.5012387263868554e-05
64300,13587324.50856396,1.470811024639751e-05
64400,13587324.508563962,1.4409995229947015e-05
64500,13587324.508563958,1.4117926970480532e-05
64600,13587324.508563956,1.383177215696918e-05
64700,13587324.508563954,1.3551419428492473e-05
64800,13587324.508563953,1.3276750265633908e-05
64900,13587324.50856395,1.300764626610551e-05
65000,13587324.508563947,1.2744000055242566e-05
65100,13587324.508563949,1.2485697094333226e-05
65200,13587324.508563945,1.2232630230202268e-05
65300,13587324.508563941,1.1984692416810994e-05
65400,13587324.508563943,1.1741773074391837e-05
65500,13587324.508563943,1.1503787192612691e-05
65600,13587324.508563941,1.1270617119585324e-05
65700,13587324.508563938,1.1042174408060212e-05
65800,13587324.508563938,1.081836706762207e-05
65900,13587324.508563938,1.0599095926933089e-05
66000,13587324.50856394,1.0384261908358283e-05
66100,13587324.508563934,1.0173791491041584e-05
66185,13587324.508563934,9.99823812664058e-06
