column,count,mean,std,min,25%,50%,75%,max
model_year,1800.0,2018.335,4.5986799348135925,2003.0,2016.0,2019.0,2022.0,2025.0
vehicle_age_years,1800.0,7.162942777777777,4.5728997663395585,0.1,3.83075,6.173,9.496500000000001,22.0
odometer_km,1800.0,117260.24409833332,149778.01240956082,300.0,51964.819,89589.932,145106.80325,3227800.802
annual_mileage_km,1800.0,14993.829948888888,4175.730211809195,3500.0,12224.03825,14928.5795,17724.28775,28732.217
engine_liters,1659.0,2.1459783001808317,0.6390324879367282,0.7,1.7650000000000001,2.162,2.5774999999999997,4.141
horsepower,1800.0,236.19887666666668,64.1925590118387,63.909,194.73000000000002,233.32150000000001,275.34225,479.278
condition_score,1626.0,7.51349692496925,1.2224556281353403,3.089,6.82025,7.6485,8.38475,10.0
service_history_score,1536.0,7.48198046875,1.6041818350420467,1.191,6.4355,7.5715,8.67375,10.0
prior_owners,1800.0,2.6416666666666666,1.5110993829632031,1.0,2.0,2.0,3.0,10.0
accident_count,1800.0,0.23722222222222222,0.49325980101903727,0.0,0.0,0.0,0.0,3.0
loan_approval_value_usd,1584.0,27789.575825126263,11392.459876803534,876.951,21120.12625,28554.241,34831.470499999996,71406.144
sale_price_usd,1800.0,28750.227934444447,12159.13549707874,1200.0,21404.081000000002,29644.372,36460.292,75374.699
