learning_rate,max_iter,tolerance,train_rmse,validation_rmse,coefficient_norm,iterations,converged,max_abs_gradient,status
0.05,150000,0.001,3685.23467513452,3683.235496694389,8005.182300177097,45939.0,True,0.0009998901587096043,ok
0.01,150000,0.001,3685.23469181396,3683.2396312911997,8002.584607651436,150000.0,False,0.02230336321008508,ok
0.1,150000,0.001,3685.2346751345262,3683.2354967142,8005.182287672388,22967.0,True,0.000999992586002918,ok
0.5,150000,0.001,,,,,,,Training objective increased; reduce the learning rate.
0.05,1000,0.001,3686.581003133391,3685.7640688853826,7532.001646390132,1000.0,False,6.750275586819043,ok
0.05,10000,0.001,3685.2750496618246,3683.484617249062,7880.018325418001,10000.0,False,1.0962203011767997,ok
0.05,50000,0.001,3685.23467513452,3683.235496694389,8005.182300177097,45939.0,True,0.0009998901587096043,ok
0.05,150000,0.1,3685.2350110730536,3683.254949568862,7993.164657436507,22294.0,True,0.09999870544925216,ok
0.05,150000,1e-05,3685.234675100932,3683.2353052615977,8005.303159705267,69583.0,True,9.999886970035732e-06,ok
