seed,learning_rate,max_iter,tolerance,l2,train_rmse,validation_rmse,coefficient_norm,iterations,converged,max_abs_gradient
7,0.05,150000,1e-05,0.0,3725.1454183264173,3522.376559720342,8129.189095593161,68140,True,9.999705071095377e-06
7,0.05,150000,1e-05,1e-05,3725.1454665090037,3522.368542727826,8124.763800847008,67799,True,9.998081639012169e-06
21,0.05,150000,1e-05,0.0,3625.2795180028706,3935.0230384765923,8444.300242551228,72515,True,9.999028407037258e-06
21,0.05,150000,1e-05,1e-05,3625.279618415558,3934.990481126611,8435.655222721965,72137,True,9.998414023257296e-06
84,0.05,150000,1e-05,0.0,3572.5081737106257,4119.709689107195,8643.33627379402,69820,True,9.999868780141696e-06
84,0.05,150000,1e-05,1e-05,3572.5082846339,4119.637983884322,8634.14277575483,69472,True,9.999778090893918e-06
123,0.05,150000,1e-05,0.0,3542.762133543225,4238.67069826741,7951.892379250509,70339,True,9.999046596931294e-06
123,0.05,150000,1e-05,1e-05,3542.762179634472,4238.691499675177,7947.776477317176,69972,True,9.99872683307701e-06
2026,0.05,150000,1e-05,0.0,3682.84997038204,3707.6847615563793,8037.000474029761,68005,True,9.998657333198935e-06
2026,0.05,150000,1e-05,1e-05,3682.8500327614693,3707.683800191815,8031.270393425947,67668,True,9.999297850407651e-06
